电台名称,播放地址,地址来源
CNR 中华之声 (Opt-1),https://ngcdn005.cnr.cn/live/zhzs/index.m3u8,cnr.cn
CNR 中国之声 (Opt-2),https://ngcdn001.cnr.cn/live/zgzs/index.m3u8,cnr.cn
CNR 中国乡村之声 (Opt-3),https://ngcdn017.cnr.cn/live/xczs/index.m3u8,cnr.cn
CNR 中国交通广播 (Opt-1),https://ngcdn016.cnr.cn/live/gsgljtgb/index.m3u8,cnr.cn
CNR 华夏之声 (Opt-2),https://ngcdn007.cnr.cn/live/hxzs/index.m3u8,cnr.cn
CNR 哈语广播 (Opt-1),https://ngcdn025.cnr.cn/live/hygb/index.m3u8,cnr.cn
CNR 娱乐广播 (Opt-1),https://ngcdn014.cnr.cn/live/ylgb/index.m3u8,cnr.cn
CNR 文艺之声 (Opt-2),https://ngcdn010.cnr.cn/live/wyzs/index.m3u8,cnr.cn
CNR 神州之声 (Opt-1),https://ngcdn006.cnr.cn/live/szzs/index.m3u8,cnr.cn
CNR 经典音乐广播 101.8 (Opt-3),https://ngcdn004.cnr.cn/live/dszs/index.m3u8,cnr.cn
CNR 经济之声 (Opt-2),https://ngcdn002.cnr.cn/live/jjzs/index.m3u8,cnr.cn
CNR 维语广播 (Opt-2),https://ngcdn013.cnr.cn/live/wygb/index.m3u8,cnr.cn
CNR 老年之声 (Opt-3),https://ngcdn011.cnr.cn/live/lnzs/index.m3u8,cnr.cn
CNR 藏语广播 (Opt-1),https://ngcdn012.cnr.cn/live/zygb/index.m3u8,cnr.cn
CNR 音乐之声 (Opt-2),https://ngcdn003.cnr.cn/live/yyzs/index.m3u8,cnr.cn
CNR 香港之声 (Opt-3),https://ngcdn008.cnr.cn/live/xgzs/index.m3u8,cnr.cn
CRI Easy FM – FM91.5,https://sk.cri.cn/915.m3u8,cri.cn
CRI Hit FM FM88.7 (Opt-1),https://sk.cri.cn/887.m3u8,cri.cn
CRI NEWS Plus AM1008 (Opt-2),https://sk.cri.cn/am1008.m3u8,cri.cn
CRI NEWS Plus AM846,https://sk.cri.cn/am846.m3u8,cri.cn
CRI 中文环球广播 (Opt-2),https://sk.cri.cn/hyhq.m3u8,cri.cn
CRI 南海之声 (Opt-2),https://sk.cri.cn/nhzs.m3u8,cri.cn
CRI 环球资讯广播 FM90.5 (Opt-2),https://sk.cri.cn/905.m3u8,cri.cn
北京新闻广播 FM100.6,https://ls.qingting.fm/live/339.m3u8,qingting.fm
北京音乐广播 FM97.4,https://live.xmcdn.com/live/95/64.m3u8,xmcdn.com
北京音乐广播 FM97.4,https://ls.qingting.fm/live/332.m3u8,qingting.fm
北京交通广播 FM103.9,https://live.xmcdn.com/live/93/64.m3u8,xmcdn.com
北京交通广播 FM103.9,https://ls.qingting.fm/live/336.m3u8,qingting.fm
北京文艺广播 FM87.6,https://live.xmcdn.com/live/94/64.m3u8,xmcdn.com
北京文艺广播 FM87.6,https://ls.qingting.fm/live/333.m3u8,qingting.fm
北京房山经典音乐 FM96.9,https://live.xmcdn.com/live/963/64.m3u8,xmcdn.com
北京好音乐 FM95.9,https://ls.qingting.fm/live/2131011.m3u8,qingting.fm
重庆新闻广播 FM96.8,https://live.xmcdn.com/live/128/64.m3u8,xmcdn.com
重庆新闻广播 FM96.8,https://ls.qingting.fm/live/1498.m3u8,qingting.fm
重庆经济广播 FM101.5,https://live.xmcdn.com/live/129/64.m3u8,xmcdn.com
重庆经济广播 FM101.5,https://ls.qingting.fm/live/1499.m3u8,qingting.fm
重庆交通广播 FM95.5,https://live.xmcdn.com/live/130/64.m3u8,xmcdn.com
重庆交通广播 FM95.5,https://ls.qingting.fm/live/1500.m3u8,qingting.fm
重庆音乐广播 FM88.1,https://live.xmcdn.com/live/131/64.m3u8,xmcdn.com
重庆音乐广播 FM88.1,https://ls.qingting.fm/live/647.m3u8,qingting.fm
重庆都市广播 FM93.8,https://live.xmcdn.com/live/132/64.m3u8,xmcdn.com
重庆都市广播 FM93.8,https://ls.qingting.fm/live/1502.m3u8,qingting.fm
巴渝之声 FM104.5,https://ls.qingting.fm/live/3545693.m3u8,qingting.fm
万盛旅游交通广播 FM92.2,https://ls.qingting.fm/live/5359760.m3u8,qingting.fm
万州综合广播,https://live.xmcdn.com/live/1678/64.m3u8,xmcdn.com
万州交通广播,https://live.xmcdn.com/live/1679/64.m3u8,xmcdn.com
福建新闻广播 FM103.6,https://live.xmcdn.com/live/792/64.m3u8,xmcdn.com
福建新闻广播 FM103.6,https://ls.qingting.fm/live/1731.m3u8,qingting.fm
福建经济广播 FM96.1,https://live.xmcdn.com/live/789/64.m3u8,xmcdn.com
福建音乐广播 FM91.3,https://live.xmcdn.com/live/791/64.m3u8,xmcdn.com
福建音乐广播 FM91.3,https://ls.qingting.fm/live/4585.m3u8,qingting.fm
福建交通广播 FM100.7,https://live.xmcdn.com/live/790/64.m3u8,xmcdn.com
福建交通广播 FM100.7,https://ls.qingting.fm/live/1733.m3u8,qingting.fm
福建私家车广播 FM98.7,https://live.xmcdn.com/live/793/64.m3u8,xmcdn.com
福建私家车广播 FM98.7,https://ls.qingting.fm/live/1736.m3u8,qingting.fm
甘肃新闻综合广播 FM96.1,https://live.xmcdn.com/live/287/64.m3u8,xmcdn.com
甘肃都市调频 FM106.6,https://live.xmcdn.com/live/288/64.m3u8,xmcdn.com
甘肃交通广播 FM93.4(2),https://live.xmcdn.com/live/289/64.m3u8,xmcdn.com
甘肃经济广播 FM93.4(2),https://live.xmcdn.com/live/292/64.m3u8,xmcdn.com
兰州新闻综合广播 FM97.3,https://live.xmcdn.com/live/294/64.m3u8,xmcdn.com
广东新闻频道 FM91.4,https://live.xmcdn.com/live/245/64.m3u8,xmcdn.com
广东新闻频道 FM91.4,https://ls.qingting.fm/live/1254.m3u8,qingting.fm
广东珠江经济台 FM97.4,https://live.xmcdn.com/live/252/64.m3u8,xmcdn.com
广东珠江经济台 FM97.4,https://ls.qingting.fm/live/1259.m3u8,qingting.fm
广东音乐之声 FM99.3,https://live.xmcdn.com/live/74/64.m3u8,xmcdn.com
广东音乐之声 FM99.3,https://ls.qingting.fm/live/1260.m3u8,qingting.fm
广东城市之声SunFM爱车 FM103.6,https://ls.qingting.fm/live/469.m3u8,qingting.fm
广东南方生活广播 FM93.6,https://live.xmcdn.com/live/249/64.m3u8,xmcdn.com
广东南方生活广播 FM93.6,https://ls.qingting.fm/live/468.m3u8,qingting.fm
广东羊城交通广播 FM105.2,https://live.xmcdn.com/live/248/64.m3u8,xmcdn.com
广东羊城交通广播 FM105.2,https://ls.qingting.fm/live/1262.m3u8,qingting.fm
广东文体广播 FM107.7,https://ls.qingting.fm/live/471.m3u8,qingting.fm
广东股市广播 FM95.3,https://ls.qingting.fm/live/4847.m3u8,qingting.fm
广东优悦广播(南粤) FM105.7,https://ls.qingting.fm/live/470.m3u8,qingting.fm
广州新闻电台 FM96.2,https://live.xmcdn.com/live/256/64.m3u8,xmcdn.com
广州新闻电台 FM96.2,https://ls.qingting.fm/live/4848.m3u8,qingting.fm
广州汽车音乐电台 FM102.7,https://live.xmcdn.com/live/257/64.m3u8,xmcdn.com
广州汽车音乐电台 FM102.7,https://ls.qingting.fm/live/52710.m3u8,qingting.fm
广州交通电台 FM106.1,https://ls.qingting.fm/live/4955.m3u8,qingting.fm
广州 MYFM 88.0 (都市生活),https://ls.qingting.fm/live/52712.m3u8,qingting.fm
东广新闻台 FM90.9,https://ls.qingting.fm/live/275.m3u8,qingting.fm
东莞FM104音乐广播,https://ls.qingting.fm/live/93619.m3u8,qingting.fm
东莞畅享1075交通广播,https://ls.qingting.fm/live/1288.m3u8,qingting.fm
九江交通广播 FM88.4 FM88.9,https://ls.qingting.fm/live/2785094.m3u8,qingting.fm
云南交通广播 FM91.8,https://ls.qingting.fm/live/1928.m3u8,qingting.fm
云南教育广播 FM100,https://ls.qingting.fm/live/1930.m3u8,qingting.fm
云南新闻广播 FM105.8,https://ls.qingting.fm/live/1926.m3u8,qingting.fm
云南民族广播 SW7210,https://ls.qingting.fm/live/1933.m3u8,qingting.fm
云南经济广播 私家车 FM88.7,https://ls.qingting.fm/live/1927.m3u8,qingting.fm
云南音乐广播 FM97,https://ls.qingting.fm/live/1929.m3u8,qingting.fm
保定交通广播 FM104.8,https://ls.qingting.fm/live/28140.m3u8,qingting.fm
保定城市服务广播 乐动1016,https://ls.qingting.fm/live/62628.m3u8,qingting.fm
保定新闻广播 FM93.7,https://ls.qingting.fm/live/3701149.m3u8,qingting.fm
保定经典964汽车音乐广播,https://ls.qingting.fm/live/2227017.m3u8,qingting.fm
保山综合广播 FM98.7,https://ls.qingting.fm/live/3702178.m3u8,qingting.fm
南寧交通音乐广播 FM107.4,https://ls.qingting.fm/live/80793.m3u8?aac,qingting.fm
南通交通广播 FM92.9,https://ls.qingting.fm/live/2216385.m3u8,qingting.fm
南通新闻广播 FM97.0,https://ls.qingting.fm/live/1611381.m3u8,qingting.fm
呼和浩特交通广播 FM107.4,https://ls.qingting.fm/live/2218715.m3u8,qingting.fm
呼和浩特新闻综合广播 FM92.9,https://ls.qingting.fm/live/2218711.m3u8,qingting.fm
咸阳城市之声 FM100.7,https://ls.qingting.fm/live/3559664.m3u8,qingting.fm
四川文艺广播 快乐900 FM90.0,https://ls.qingting.fm/live/4887.m3u8,qingting.fm
四川新闻综合广播 FM98.1,https://ls.qingting.fm/live/4906.m3u8,qingting.fm
四川民族广播 AM954,https://ls.qingting.fm/live/1115.m3u8,qingting.fm
四川私家车广播 FM92.5,https://ls.qingting.fm/live/4939.m3u8,qingting.fm
四川财富广播 FM94.0,https://ls.qingting.fm/live/4927.m3u8,qingting.fm
太原交通广播 FM107,https://ls.qingting.fm/live/4900.m3u8,qingting.fm
太原新闻广播 FM91.2,https://ls.qingting.fm/live/23873.m3u8,qingting.fm
太原私家车Radio FM104.4,https://ls.qingting.fm/live/4018.m3u8,qingting.fm
太原音乐广播 FM102.6,https://ls.qingting.fm/live/1185.m3u8,qingting.fm
寧夏交通广播 FM98.4,https://ls.qingting.fm/live/1840.m3u8,qingting.fm
寧夏都市广播 FM103.7,https://ls.qingting.fm/live/1842.m3u8,qingting.fm
寧波交通广播 FM93.9,https://ls.qingting.fm/live/1140.m3u8,qingting.fm
寧波动感105 FM105.2,https://ls.qingting.fm/live/3047946.m3u8,qingting.fm
山东女主播电台 FM97.5,https://ls.qingting.fm/live/60258.m3u8,qingting.fm
山东新闻广播 FM95,https://ls.qingting.fm/live/60180.m3u8,qingting.fm
山东生活广播 MyFM FM105,https://ls.qingting.fm/live/60260.m3u8,qingting.fm
山东音乐广播 FM99.1,https://ls.qingting.fm/live/1665.m3u8,qingting.fm
济南故事广播 FM104.3,https://ls.qingting.fm/live/1672.m3u8,qingting.fm
济南私家车广播 FM93.6,https://ls.qingting.fm/live/1670.m3u8,qingting.fm
济南经济广播 FM90.9,https://ls.qingting.fm/live/1668.m3u8,qingting.fm
青岛交通广播 FM89.7,https://ls.qingting.fm/live/1676.m3u8,qingting.fm
青岛故事广播 FM95.2,https://ls.qingting.fm/live/4956.m3u8,qingting.fm
青岛新闻广播 FM107.6,https://ls.qingting.fm/live/1673.m3u8,qingting.fm
青岛西海岸城市生活广播 FM92.6,https://ls.qingting.fm/live/33446.m3u8,qingting.fm
岳阳交通广播 FM106.1,https://ls.qingting.fm/live/88931.m3u8,qingting.fm
岳阳新闻综合广播,https://ls.qingting.fm/live/88933.m3u8,qingting.fm
常州交通广播 FM90,https://ls.qingting.fm/live/2796.m3u8,qingting.fm
广州花都广播 FM100.5,https://ls.qingting.fm/live/1263.m3u8,qingting.fm
广西交通台 FM100.3,https://ls.qingting.fm/live/1758.m3u8,qingting.fm
广西北部湾之声(广西对外广播) FM96.4,https://ls.qingting.fm/live/1757.m3u8,qingting.fm
广西女主播电台 FM97.0,https://ls.qingting.fm/live/1754.m3u8,qingting.fm
广西新闻910 FM91.0,https://ls.qingting.fm/live/1753.m3u8,qingting.fm
广西私家车930 FM93.0,https://ls.qingting.fm/live/1756.m3u8,qingting.fm
广西音乐台 FM95.0,https://ls.qingting.fm/live/4875.m3u8,qingting.fm
惠州新闻综合广播 FM100,https://ls.qingting.fm/live/5016.m3u8,qingting.fm
惠州环保交通广播 FM98.8,https://ls.qingting.fm/live/5017.m3u8,qingting.fm
惠州音乐广播 FM90.7,https://ls.qingting.fm/live/2212959.m3u8,qingting.fm
拉萨人民广播电台 FM91.4,https://ls.qingting.fm/live/3244137.m3u8,qingting.fm
新疆交通广播 FM94.9 (Opt-2),https://ls.qingting.fm/live/1910.m3u8,qingting.fm
新疆故事广播 FM102.8,https://ls.qingting.fm/live/1911.m3u8,qingting.fm
新疆新闻广播 FM96.1 (Opt-1),https://ls.qingting.fm/live/1902.m3u8,qingting.fm
新疆民生广播 FM92.4 (Opt-2),https://ls.qingting.fm/live/76186.m3u8,qingting.fm
新疆私家车广播 FM92.9 (Opt-1),https://ls.qingting.fm/live/1909.m3u8,qingting.fm
新疆维吾尔语交通文艺广播 (Opt-2),https://ls.qingting.fm/live/78923.m3u8,qingting.fm
新疆蒙古语广播 (Opt-1),https://ls.qingting.fm/live/1903.m3u8,qingting.fm
无锡交通广播 FM106.9,https://ls.qingting.fm/live/2780.m3u8,qingting.fm
无锡新闻广播 FM93.7,https://ls.qingting.fm/live/2777.m3u8,qingting.fm
昆明汽车广播 FM95.4,https://ls.qingting.fm/live/1936.m3u8,qingting.fm
昆明都市调频 FM102.8,https://ls.qingting.fm/live/1935.m3u8,qingting.fm
昆明阳光广播,https://ls.qingting.fm/live/1934.m3u8,qingting.fm
梅州交通广播 FM105.8,https://ls.qingting.fm/live/24195.m3u8,qingting.fm
梅州新闻广播 FM94.8,https://ls.qingting.fm/live/24173.m3u8,qingting.fm
楚天交通广播 FM92.7,https://ls.qingting.fm/live/1291.m3u8,qingting.fm
楚天音乐广播 FM105.8 (Opt-1),https://ls.qingting.fm/live/1289.m3u8,qingting.fm
江苏交通广播 FM101.1,https://ls.qingting.fm/live/4054.m3u8,qingting.fm
江苏健康广播 AM846,https://lzlive.vojs.cn/EWpb5Ov/92/live.m3u8,vojs.cn
江苏故事广播 AM1206,https://lzlive.vojs.cn/rWjyus9/92/live.m3u8,vojs.cn
江苏文艺广播 AM1053,https://lzlive.vojs.cn/pL6NkZo/92/live.m3u8,vojs.cn
江苏新闻广播 FM93.7,https://ls.qingting.fm/live/4944.m3u8,qingting.fm
江苏新闻综合广播 AM702 (Opt-1),https://lzlive.vojs.cn/rTyLc36/92/live.m3u8,vojs.cn
江苏新闻综合广播 AM702 (Opt-2),https://ls.qingting.fm/live/5055.m3u8,qingting.fm
江苏财经广播 AM585,https://lzlive.vojs.cn/caijing/92/live.m3u8,vojs.cn
江苏金陵之声,https://lzlive.vojs.cn/Hd2hIgM/92/live.m3u8,vojs.cn
江苏音乐广播 FM89.7,https://lzlive.vojs.cn/jAmO6Ng/92/live.m3u8,vojs.cn
沉阳新闻广播 FM104.5,https://ls.qingting.fm/live/23891.m3u8,qingting.fm
沉阳都市广播 FM92.1,https://ls.qingting.fm/live/1099.m3u8,qingting.fm
沉阳音乐广播 路上好朋友 FM98.6,https://ls.qingting.fm/live/1101.m3u8,qingting.fm
河北 My FM 102.9,https://ls.qingting.fm/live/2508757.m3u8,qingting.fm
河北交通广播 FM99.2,https://ls.qingting.fm/live/1646.m3u8,qingting.fm
河北农民广播 AM558,https://ls.qingting.fm/live/1650.m3u8,qingting.fm
河北故事广播 FM107.9,https://ls.qingting.fm/live/1645.m3u8,qingting.fm
河北新闻广播 FM104.3,https://ls.qingting.fm/live/1644.m3u8,qingting.fm
河北旅游广播 AM603,https://ls.qingting.fm/live/1651.m3u8,qingting.fm
河北生活广播 FM88.8,https://ls.qingting.fm/live/4867.m3u8,qingting.fm
河北私家车广播 FM90.7,https://ls.qingting.fm/live/4868.m3u8,qingting.fm
河北音乐广播 FM102.4,https://ls.qingting.fm/live/1649.m3u8,qingting.fm
浙江之声 FM88 (Opt-1),https://ls.qingting.fm/live/4518.m3u8,qingting.fm
浙江交通之声 FM93 (Opt-1),https://ls.qingting.fm/live/4522.m3u8,qingting.fm
浙江动听(音乐调频) FM96.8 (Opt-2),https://ls.qingting.fm/live/4866.m3u8,qingting.fm
浙江女主播电台 FM104.5 (Opt-2),https://ls.qingting.fm/live/4524.m3u8,qingting.fm
浙江财富广播 FM95 (Opt-1),https://ls.qingting.fm/live/4519.m3u8,qingting.fm
海南交通广播 FM100,https://ls.qingting.fm/live/4911.m3u8,qingting.fm
海南国际旅游之声 FM103.8,https://ls.qingting.fm/live/1862.m3u8,qingting.fm
海南新闻广播 FM88.6,https://ls.qingting.fm/live/1861.m3u8,qingting.fm
海南民生广播 FM101,https://ls.qingting.fm/live/1511803.m3u8,qingting.fm
海南音乐广播 FM94.5,https://ls.qingting.fm/live/4878.m3u8,qingting.fm
海口音乐广播,https://ls.qingting.fm/live/23859.m3u8,qingting.fm
深圳快乐1062(交通广播),https://ls.qingting.fm/live/1272.m3u8,qingting.fm
深圳私家车广播 FM94.2,https://ls.qingting.fm/live/1273.m3u8,qingting.fm
深圳飞扬音乐971,https://ls.qingting.fm/live/1271.m3u8,qingting.fm
温州交通广播 FM103.9,https://ls.qingting.fm/live/23863.m3u8,qingting.fm
温州新闻广播 FM94.9,https://ls.qingting.fm/live/23861.m3u8,qingting.fm
温州私家车音乐广播 FM100.3,https://ls.qingting.fm/live/23865.m3u8,qingting.fm
温州经济生活广播 FM88.8,https://ls.qingting.fm/live/23867.m3u8,qingting.fm
温州绿色之声 FM93.8,https://ls.qingting.fm/live/1158.m3u8,qingting.fm
湖州交通文艺广播 FM98.5,https://ls.qingting.fm/live/2811.m3u8,qingting.fm
湖州经济广播 FM103.5,https://ls.qingting.fm/live/2812.m3u8,qingting.fm
湖州综合广播 湖州之声 FM05,https://ls.qingting.fm/live/2810.m3u8,qingting.fm
潍坊新闻广播 FM100.2,https://ls.qingting.fm/live/60358.m3u8,qingting.fm
潍坊私家车广播 FM93.3,https://ls.qingting.fm/live/84511.m3u8,qingting.fm
潍坊音乐优生活 FM90.8,https://ls.qingting.fm/live/4865.m3u8,qingting.fm
珠海电台交通音乐875,https://ls.qingting.fm/live/1275.m3u8,qingting.fm
珠海电台先锋951,https://ls.qingting.fm/live/1274.m3u8,qingting.fm
珠海电台活力915,https://ls.qingting.fm/live/2473319.m3u8,qingting.fm
荆门之声频率 FM89.7,https://live.jmtv.com.cn/xwzhpl/sd/live.m3u8,jmtv.com.cn
荆门交通音乐频率 FM99.3 (Opt-1),https://live.jmtv.com.cn/jtyypl/sd/live.m3u8,jmtv.com.cn
荆门交通音乐频率 FM99.3 (Opt-2),https://ls.qingting.fm/live/60808.m3u8,qingting.fm
衡阳交通广播 FM101.8,https://ls.qingting.fm/live/5079921.m3u8,qingting.fm
衡阳新闻广播 FM98.9,https://ls.qingting.fm/live/5079970.m3u8,qingting.fm
襄阳交通广播 FM89.0 (Opt-1),https://ls.qingting.fm/live/1307.m3u8,qingting.fm
襄阳交通广播 FM89.0 (Opt-2),https://ls.qingting.fm/live/1308.m3u8,qingting.fm
襄阳音乐广播,https://ls.qingting.fm/live/5057.m3u8,qingting.fm
西寧交通频率,https://ls.qingting.fm/live/3400408.m3u8,qingting.fm
西寧新闻频率,https://ls.qingting.fm/live/3400403.m3u8,qingting.fm
西安交通广播 FM104.3 (Opt-1),https://ls.qingting.fm/live/1611.m3u8,qingting.fm
西安交通广播 FM104.3 (Opt-2),https://stream3.xiancity.cn/5/sd/live.m3u8,xiancity.cn
西安新闻广播 FM95.0 (Opt-1),https://ls.qingting.fm/live/1610.m3u8,qingting.fm
西安新闻广播 FM95.0 (Opt-2),https://stream3.xiancity.cn/1/sd/live.m3u8,xiancity.cn
西安资讯广播 FM106.1,https://stream3.xiancity.cn/2/sd/live.m3u8,xiancity.cn
西安音乐广播 FM93.1 (Opt-1),https://ls.qingting.fm/live/1612.m3u8,qingting.fm
西安音乐广播 FM93.1 (Opt-2),https://stream3.xiancity.cn/4/sd/live.m3u8,xiancity.cn
贵州电台交通广播 FM95.2,https://ls.qingting.fm/live/23927.m3u8,qingting.fm
郑州新闻广播 FM98.6,https://ls.qingting.fm/live/1220.m3u8,qingting.fm
郑州汽车广播 FM91.2,https://ls.qingting.fm/live/1211.m3u8,qingting.fm
郑州活力944,https://ls.qingting.fm/live/4921.m3u8,qingting.fm
郑州私家车 FM91.8,https://ls.qingting.fm/live/1222.m3u8,qingting.fm
郑州经典广播 FM107.9,https://ls.qingting.fm/live/1223.m3u8,qingting.fm
郑州车道931,https://ls.qingting.fm/live/1221.m3u8,qingting.fm
郴州综合广播 FM99.2,https://ls.qingting.fm/live/76765.m3u8,qingting.fm
郴州音乐交通广播 FM102.8,https://ls.qingting.fm/live/86747.m3u8,qingting.fm
长春生活故事广播 FM90.0,https://ls.qingting.fm/live/5014.m3u8,qingting.fm
长沙城市之声 FM101.7,https://ls.qingting.fm/live/4237.m3u8,qingting.fm
长沙新闻广播 FM105.0,https://ls.qingting.fm/live/4877.m3u8,qingting.fm
长治交通文艺广播 FM94.9,https://ls.qingting.fm/live/2669405.m3u8,qingting.fm
长治新闻综合广播(幸福广播) FM94.3,https://ls.qingting.fm/live/2702863.m3u8,qingting.fm
阳信人民广播电台 FM103.4,https://ls.qingting.fm/live/2915753.m3u8,qingting.fm
阳泉交通广播,https://ls.qingting.fm/live/4592896.m3u8?aac,qingting.fm
阳泉新闻综合广播,https://ls.qingting.fm/live/5876899.m3u8?aac,qingting.fm
陕西交通广播 FM91.6,https://ls.qingting.fm/live/1601.m3u8,qingting.fm
陕西农村广播 AM900,https://ls.qingting.fm/live/1602.m3u8,qingting.fm
陕西戏曲广播 AM747,https://ls.qingting.fm/live/1606.m3u8,qingting.fm
陕西都市广播-陕广新闻 FM101.8,https://ls.qingting.fm/live/1609.m3u8,qingting.fm
陕西音乐广播 FM98.8,https://ls.qingting.fm/live/4873.m3u8,qingting.fm
青海交通音乐广播 FM97.2,https://ls.qingting.fm/live/5009.m3u8,qingting.fm
青海生活广播 花儿调频 FM90.3,https://ls.qingting.fm/live/2163891.m3u8,qingting.fm
青海经济广播 FM07.5,https://ls.qingting.fm/live/5008.m3u8,qingting.fm
鹤壁交通音乐广播 FM93.5,https://ls.qingting.fm/live/3032681.m3u8,qingting.fm
鹤山电台104.7,https://ls.qingting.fm/live/1286.m3u8,qingting.fm
黔西南金州之声 FM107.9,https://ls.qingting.fm/live/5045.m3u8,qingting.fm
龙广乡村广播 AM945,https://stream3.hljtv.com/hljrdnc/sd/live.m3u8,hljtv.com
龙广交通广播 FM99.8,https://ls.qingting.fm/live/4973.m3u8,qingting.fm
龙广北大荒之声 FM104.6,https://stream3.hljtv.com/hljrdgx/sd/live.m3u8,hljtv.com
龙广新闻广播 FM94.6,https://stream3.hljtv.com/hljrdjt/sd/live.m3u8,hljtv.com
龙广新闻广播 FM94.6,https://ls.qingting.fm/live/4974.m3u8,qingting.fm
龙广朝鲜语广播 AM873,https://stream3.hljtv.com/hljrdcy/sd/live.m3u8,hljtv.com
龙广青苹果之声 FM104.6,https://ls.qingting.fm/live/4976.m3u8,qingting.fm
龙广音乐广播 FM95.8,https://stream3.hljtv.com/hljrdnx/sd/live.m3u8,hljtv.com
龙广音乐广播 FM95.8,https://ls.qingting.fm/live/4969.m3u8,qingting.fm
北京经典调频,https://live.funhillrm.com/4/sd/live.m3u8,funhillrm.com
北京城市广播,https://ls.qingting.fm/live/345.m3u8,qingting.fm
CNR民族之声,https://ngcdn009.cnr.cn/live/mzzs/index.m3u8,cnr.cn
CRI世界华声,https://sk.cri.cn/hxfh.m3u8,cri.cn
BCC中广音乐,https://stream.rcs.revma.com/ks4vsmg3qtzuv,rcs.revma.com
BCC中广新闻,https://stream.rcs.revma.com/78fm9wyy2tzuv,rcs.revma.com
BCC中广流行,https://stream.rcs.revma.com/aw9uqyxy2tzuv,rcs.revma.com
河南新闻广播,https://stream.hndt.com/live/xinwen/playlist.m3u8,hndt.com
河南经济广播,https://stream.hndt.com/live/jingji/playlist.m3u8,hndt.com
河南交通广播,https://stream.hndt.com/live/jiaotong/playlist.m3u8,hndt.com
河南音乐广播,https://stream.hndt.com/live/yinyue/playlist.m3u8,hndt.com
河南旅游广播,https://stream.hndt.com/live/sijiache/playlist.m3u8,hndt.com
河南My Radio广播,https://stream.hndt.com/live/yingshi/playlist.m3u8,hndt.com
河南信息广播,https://stream.hndt.com/live/leling/playlist.m3u8,hndt.com
河南戏曲广播,https://stream.hndt.com/live/yule/playlist.m3u8,hndt.com
河南教育广播,https://stream.hndt.com/live/jiaoyu/playlist.m3u8,hndt.com
河南大象资讯台,https://stream.hndt.com/live/nongcun/playlist.m3u8,hndt.com
DRHK,https://ice.digitalradiohk.net:8000/drhk,digitalradiohk.net:8000
Gold FM,https://22903.live.streamtheworld.com:3690/GOLD905_PREM.aac,live.streamtheworld.com:3690
Hao FM,https://playerservices.streamtheworld.com/api/livestream-redirect/HAO_963.mp3,streamtheworld.com
Class FM,https://22393.live.streamtheworld.com/CLASS95.mp3,live.streamtheworld.com
Power FM,https://crystalout.surfernetwork.com:8001/KVSP_MP3,surfernetwork.com:8001
Capital FM,https://22893.live.streamtheworld.com:3690/CAPITAL958FMAAC.aac,live.streamtheworld.com:3690
CNA938,https://playerservices.streamtheworld.com/api/livestream-redirect/938NOW_PREM.aac,streamtheworld.com
NPR News,https://npr-ice.streamguys1.com/live.mp3,streamguys1.com
Times Radio,https://timesradio.wireless.radio/stream,wireless.radio
MSNBC Radio,https://peridot.streamguys.com:7850/live,streamguys.com:7850
大湾区之声,https://ngcdn007.cnr.cn/live/hxzs/index.m3u8,cnr.cn
经典音乐,https://ngcdn004.cnr.cn/live/dszs/index.m3u8,cnr.cn
经济之声,https://ngcdn002.cnr.cn/live/jjzs/index.m3u8,cnr.cn
老年之声,https://ngcdn011.cnr.cn/live/lnzs/index.m3u8,cnr.cn
民族之声,https://ngcdn009.cnr.cn/live/mzzs/index.m3u8,cnr.cn
南海之声,https://sk.cri.cn/nhzs.m3u8,cri.cn
神州之声,https://ngcdn006.cnr.cn/live/szzs/index.m3u8,cnr.cn
文艺之声,https://ngcdn010.cnr.cn/live/wyzs/index.m3u8,cnr.cn
香港之声,https://ngcdn008.cnr.cn/live/xgzs/index.m3u8,cnr.cn
音乐之声,https://ngcdn003.cnr.cn/live/yyzs/index.m3u8,cnr.cn
阅读之声,https://ngcdn014.cnr.cn/live/ylgb/index.m3u8,cnr.cn
中国之声,https://ngcdn001.cnr.cn/live/zgzs/index.m3u8,cnr.cn
台海之声,https://ngcdn005.cnr.cn/live/zhzs/index.m3u8,cnr.cn
中国交通广播,https://ngcdn016.cnr.cn/live/gsgljtgb/index.m3u8,cnr.cn
中国乡村之声,https://ngcdn017.cnr.cn/live/xczs/index.m3u8,cnr.cn
华语环球,https://sk.cri.cn/hyhq.m3u8,cri.cn
环球资讯,https://sk.cri.cn/905.m3u8,cri.cn
轻松调频,https://sk.cri.cn/915.m3u8,cri.cn
世界华声,https://sk.cri.cn/hxfh.m3u8,cri.cn
China Plus Radio,https://sk.cri.cn/am846.m3u8,cri.cn
HITFM国际流行音乐,https://sk.cri.cn/887.m3u8,cri.cn
江西都市广播,https://satellitepull.cnr.cn/live/wx32jiangxdsgb/playlist.m3u8,cnr.cn
江西交通广播,https://satellitepull.cnr.cn/live/wx32jiangxjtgb/playlist.m3u8,cnr.cn
江西民生广播,https://satellitepull.cnr.cn/live/wx32jiangxmsgb/playlist.m3u8,cnr.cn
江西农村广播,https://satellitepull.cnr.cn/live/wx32jiangxncgb/playlist.m3u8,cnr.cn
江西音乐广播,https://satellitepull.cnr.cn/live/wx32jiangxyygb/playlist.m3u8,cnr.cn
江西新闻广播,https://satellitepull.cnr.cn/live/wx32jiangxxwgb/playlist.m3u8,cnr.cn
安徽小说评书,https://satellitepull.cnr.cn/live/wxahxspsgb/playlist.m3u8,cnr.cn
安徽交通广播,https://satellitepull.cnr.cn/live/wxahjtgb/playlist.m3u8,cnr.cn
安徽经济广播,https://satellitepull.cnr.cn/live/wxahjjgb/playlist.m3u8,cnr.cn
安徽旅游广播,https://satellitepull.cnr.cn/live/wxahlygb/playlist.m3u8,cnr.cn
安徽农村广播,https://satellitepull.cnr.cn/live/wxahncgb/playlist.m3u8,cnr.cn
安徽生活广播,https://satellitepull.cnr.cn/live/wxahshgb/playlist.m3u8,cnr.cn
安徽戏曲广播,https://satellitepull.cnr.cn/live/wxahxqgb/playlist.m3u8,cnr.cn
安徽音乐广播,https://satellitepull.cnr.cn/live/wxahyygb/playlist.m3u8,cnr.cn
安徽之声,https://satellitepull.cnr.cn/live/wxahxxgb/playlist.m3u8,cnr.cn
北京城市广播,https://satellitepull.cnr.cn/live/wxbjcsfwgl/playlist.m3u8,cnr.cn
北京交通广播,https://cnlive.cnr.cn/hls/bjjtgb.m3u8,cnr.cn
北京新闻广播,https://satellitepull.cnr.cn/live/wxbjxwgb/playlist.m3u8,cnr.cn
北京音乐广播,https://cnlive.cnr.cn/hls/bjyygb.m3u8,cnr.cn
重庆都市广播,https://satellitepull.cnr.cn/live/wxcqdsgb/playlist.m3u8,cnr.cn
重庆交通广播,https://satellitepull.cnr.cn/live/wxcqjtgb/playlist.m3u8,cnr.cn
重庆经济广播,https://satellitepull.cnr.cn/live/wxcqjjgb/playlist.m3u8,cnr.cn
重庆文艺广播,https://satellitepull.cnr.cn/live/wxcqwygb/playlist.m3u8,cnr.cn
重庆新闻广播,https://satellitepull.cnr.cn/live/wxcqxwgb/playlist.m3u8,cnr.cn
重庆音乐广播,https://satellitepull.cnr.cn/live/wxcqyygb/playlist.m3u8,cnr.cn
福建东南广播,https://satellitepull.cnr.cn/live/wx32fjdngb/playlist.m3u8,cnr.cn
福建都市广播,https://satellitepull.cnr.cn/live/wx32fjdndsgb/playlist.m3u8,cnr.cn
福建交通广播,https://satellitepull.cnr.cn/live/wx32fjdnjtgb/playlist.m3u8,cnr.cn
福建财经961,https://satellitepull.cnr.cn/live/wx32fjdnjjgb/playlist.m3u8,cnr.cn
福建汽车音乐,https://satellitepull.cnr.cn/live/wx32fjdnyygb/playlist.m3u8,cnr.cn
福建新闻广播,https://satellitepull.cnr.cn/live/wx32fjxwgb/playlist.m3u8,cnr.cn
甘肃都市调频,https://satellitepull.cnr.cn/live/wxgsdstb/playlist.m3u8,cnr.cn
甘肃黄河之声,https://satellitepull.cnr.cn/live/wxgshhzs/playlist.m3u8,cnr.cn
甘肃交通广播,https://satellitepull.cnr.cn/live/wxgsjtgb/playlist.m3u8,cnr.cn
甘肃农村广播,https://satellitepull.cnr.cn/live/wxgsncgb/playlist.m3u8,cnr.cn
甘肃青春调频,https://satellitepull.cnr.cn/live/wxgsqcgb/playlist.m3u8,cnr.cn
甘肃新闻综合,https://satellitepull.cnr.cn/live/wxgsxwzhgb/playlist.m3u8,cnr.cn
广东城市之声,https://satellitepull.cnr.cn/live/wxgdcszs/playlist.m3u8,cnr.cn
广东股市广播,https://satellitepull.cnr.cn/live/wxgdgsgb/playlist.m3u8,cnr.cn
广东南粤之声,https://satellitepull.cnr.cn/live/wxnyzs/playlist.m3u8,cnr.cn
广东文体广播,https://satellitepull.cnr.cn/live/wxgdwtgb/playlist.m3u8,cnr.cn
广东新闻广播,https://satellitepull.cnr.cn/live/wxgdxwgb/playlist.m3u8,cnr.cn
广东音乐之声,https://satellitepull.cnr.cn/live/wxgdyyzs/playlist.m3u8,cnr.cn
南方生活广播,https://satellitepull.cnr.cn/live/wxgdnfshgb/playlist.m3u8,cnr.cn
深圳飞扬971,https://satellitepull.cnr.cn/live/wxszfy971/playlist.m3u8,cnr.cn
深圳交通频率,https://satellitepull.cnr.cn/live/wxszjjpl/playlist.m3u8,cnr.cn
深圳私家车,https://satellitepull.cnr.cn/live/wxszsjcgb/playlist.m3u8,cnr.cn
羊城交通广播,https://satellitepull.cnr.cn/live/wxgdycjtt/playlist.m3u8,cnr.cn
珠江经济台,https://satellitepull.cnr.cn/live/wxgdzjjjt/playlist.m3u8,cnr.cn
广西对外广播,https://satellitepull.cnr.cn/live/wx32gxdwgb/playlist.m3u8,cnr.cn
广西交通广播,https://satellitepull.cnr.cn/live/wx32gxjtgb/playlist.m3u8,cnr.cn
广西教育生活,https://satellitepull.cnr.cn/live/wx32gbjyshgb/playlist.m3u8,cnr.cn
广西经济广播,https://satellitepull.cnr.cn/live/wx32gxjjgb/playlist.m3u8,cnr.cn
广西人民广播,https://satellitepull.cnr.cn/live/wx32gxrmgb/playlist.m3u8,cnr.cn
广西文艺广播,https://satellitepull.cnr.cn/live/wx32gxwygb/playlist.m3u8,cnr.cn
贵州都市广播,https://satellitepull.cnr.cn/live/wx32gzqcgb/playlist.m3u8,cnr.cn
贵州故事广播,https://satellitepull.cnr.cn/live/wx32gzgsgb/playlist.m3u8,cnr.cn
贵州经济广播,https://satellitepull.cnr.cn/live/wx32gzjjgb/playlist.m3u8,cnr.cn
贵州旅游广播,https://satellitepull.cnr.cn/live/wx32gzlygb/playlist.m3u8,cnr.cn
贵州音乐广播,https://satellitepull.cnr.cn/live/wx32gzyygb/playlist.m3u8,cnr.cn
贵州综合广播,https://satellitepull.cnr.cn/live/wx32gzwxwzhgb/playlist.m3u8,cnr.cn
海南交通广播,https://satellitepull.cnr.cn/live/wxhainjtgb/playlist.m3u8,cnr.cn
海南新闻广播,https://satellitepull.cnr.cn/live/wxhainxwgb/playlist.m3u8,cnr.cn
海南音乐广播,https://satellitepull.cnr.cn/live/wxhainyygb/playlist.m3u8,cnr.cn
河北交通广播,https://satellitepull.cnr.cn/live/wxhebjtgb/playlist.m3u8,cnr.cn
河北经济广播,https://satellitepull.cnr.cn/live/wxhebjjgb/playlist.m3u8,cnr.cn
河北生活广播,https://satellitepull.cnr.cn/live/wxhebshgb/playlist.m3u8,cnr.cn
河北文艺广播,https://satellitepull.cnr.cn/live/wxhebwygb/playlist.m3u8,cnr.cn
河北音乐广播,https://satellitepull.cnr.cn/live/wxhebyygb/playlist.m3u8,cnr.cn
河北综合广播,https://satellitepull.cnr.cn/live/wxhebzhgb/playlist.m3u8,cnr.cn
河南经济广播,https://satellitepull.cnr.cn/live/wxhnjjgb/playlist.m3u8,cnr.cn
河南旅游广播,https://satellitepull.cnr.cn/live/wxhnlygb/playlist.m3u8,cnr.cn
河南农村广播,https://satellitepull.cnr.cn/live/wxhnncgb/playlist.m3u8,cnr.cn
河南戏曲广播,https://satellitepull.cnr.cn/live/wxhnxqgb/playlist.m3u8,cnr.cn
河南新闻广播,https://satellitepull.cnr.cn/live/wxhnxwgb/playlist.m3u8,cnr.cn
河南信息广播,https://satellitepull.cnr.cn/live/wxhnxxgb/playlist.m3u8,cnr.cn
黑龙江爱家调频,https://satellitepull.cnr.cn/live/wx32hljajgb/playlist.m3u8,cnr.cn
黑龙江朝鲜语,https://satellitepull.cnr.cn/live/wx32hljcygb/playlist.m3u8,cnr.cn
黑龙江高校广播,https://satellitepull.cnr.cn/live/wx32hljgxgb/playlist.m3u8,cnr.cn
黑龙江交通广播,https://satellitepull.cnr.cn/live/wx32hljjtgb/playlist.m3u8,cnr.cn
黑龙江女性广播,https://satellitepull.cnr.cn/live/wx32hljnxgb/playlist.m3u8,cnr.cn
黑龙江私家车,https://satellitepull.cnr.cn/live/wx32hljsjcgb/playlist.m3u8,cnr.cn
黑龙江乡村广播,https://satellitepull.cnr.cn/live/wx32hljxcgb/playlist.m3u8,cnr.cn
黑龙江新闻广播,https://satellitepull.cnr.cn/live/wx32hljxwgb/playlist.m3u8,cnr.cn
黑龙江音乐广播,https://satellitepull.cnr.cn/live/wx32hljyygb/playlist.m3u8,cnr.cn
楚天交通广播,https://satellitepull.cnr.cn/live/wx32hubctjtgb/playlist.m3u8,cnr.cn
楚天音乐广播,https://satellitepull.cnr.cn/live/wx32hubctyygb/playlist.m3u8,cnr.cn
湖北妇女儿童,https://satellitepull.cnr.cn/live/wx32hubfnetgb/playlist.m3u8,cnr.cn
湖北交通广播,https://satellitepull.cnr.cn/live/wx32hubjtgb/playlist.m3u8,cnr.cn
湖北经典音乐,https://satellitepull.cnr.cn/live/wx32hubyygb/playlist.m3u8,cnr.cn
湖北经济广播,https://satellitepull.cnr.cn/live/wx32hubjjgb/playlist.m3u8,cnr.cn
湖北农村广播,https://satellitepull.cnr.cn/live/wx32hubncgb/playlist.m3u8,cnr.cn
湖北生活广播,https://satellitepull.cnr.cn/live/wx32hubczshgb/playlist.m3u8,cnr.cn
湖北资讯广播,https://satellitepull.cnr.cn/live/wx32hubzxgb/playlist.m3u8,cnr.cn
湖北之声,https://satellitepull.cnr.cn/live/wx32hubzsgb/playlist.m3u8,cnr.cn
湖南交通广播,https://satellitepull.cnr.cn/live/wx32hunjtgb/playlist.m3u8,cnr.cn
湖南金鹰之声,https://satellitepull.cnr.cn/live/wx32955/playlist.m3u8,cnr.cn
湖南经济广播,https://satellitepull.cnr.cn/live/wx32hunjjgb/playlist.m3u8,cnr.cn
湖南年代音乐台,https://satellitepull.cnr.cn/live/wx32hunlygb/playlist.m3u8,cnr.cn
湖南文艺广播,https://satellitepull.cnr.cn/live/wx32hunwygb/playlist.m3u8,cnr.cn
湖南潇湘之声,https://satellitepull.cnr.cn/live/wx32hunyygb/playlist.m3u8,cnr.cn
湖南新闻广播,https://satellitepull.cnr.cn/live/wx32hunxwgb/playlist.m3u8,cnr.cn
吉林交通广播,https://satellitepull.cnr.cn/live/wxjljtgb/playlist.m3u8,cnr.cn
吉林经济广播,https://satellitepull.cnr.cn/live/wxjljjgb/playlist.m3u8,cnr.cn
吉林乡村广播,https://satellitepull.cnr.cn/live/wxjlxcgb/playlist.m3u8,cnr.cn
吉林新闻综合,https://satellitepull.cnr.cn/live/wxjlxwzhgb/playlist.m3u8,cnr.cn
延边文艺广播,https://satellitepull.cnr.cn/live/wxybwyshgb/playlist.m3u8,cnr.cn
延边新闻广播,https://satellitepull.cnr.cn/live/wxybxwgb/playlist.m3u8,cnr.cn
江苏财经广播,https://satellitepull.cnr.cn/live/wx32jscjgb/playlist.m3u8,cnr.cn
江苏故事广播,https://satellitepull.cnr.cn/live/wx32jsgsgb/playlist.m3u8,cnr.cn
江苏健康广播,https://satellitepull.cnr.cn/live/wx32jsjkgb/playlist.m3u8,cnr.cn
江苏交通广播,https://satellitepull.cnr.cn/live/wx32jsjtgb/playlist.m3u8,cnr.cn
江苏金陵之声,https://satellitepull.cnr.cn/live/wx32jsqctp/playlist.m3u8,cnr.cn
江苏经典流行音乐,https://satellitepull.cnr.cn/live/wx32jsjdlxyy/playlist.m3u8,cnr.cn
江苏文艺广播,https://satellitepull.cnr.cn/live/wx32jswygb/playlist.m3u8,cnr.cn
江苏新闻广播,https://satellitepull.cnr.cn/live/wx32jsxwgb/playlist.m3u8,cnr.cn
江苏新闻综合,https://satellitepull.cnr.cn/live/wx32jsxwzhgb/playlist.m3u8,cnr.cn
江苏音乐广播,https://satellitepull.cnr.cn/live/wx32jsyygb/playlist.m3u8,cnr.cn
辽宁交通广播,https://satellitepull.cnr.cn/live/wxlnjtgb/playlist.m3u8,cnr.cn
辽宁经济广播,https://satellitepull.cnr.cn/live/wxlnjjtb/playlist.m3u8,cnr.cn
辽宁文艺广播,https://satellitepull.cnr.cn/live/wxlnwygb/playlist.m3u8,cnr.cn
辽宁乡村广播,https://satellitepull.cnr.cn/live/wxlnxcgb/playlist.m3u8,cnr.cn
辽宁之声,https://satellitepull.cnr.cn/live/wxlnzhgb/playlist.m3u8,cnr.cn
内蒙古汉语广播,https://satellitepull.cnr.cn/live/wx32nmghyzhxwgb/playlist.m3u8,cnr.cn
内蒙古交通之声,https://satellitepull.cnr.cn/live/wx32nmgjtgb/playlist.m3u8,cnr.cn
内蒙古经济生活,https://satellitepull.cnr.cn/live/wx32nmgjjgb/playlist.m3u8,cnr.cn
内蒙古绿野之声,https://satellitepull.cnr.cn/live/wx32nmglyzs/playlist.m3u8,cnr.cn
内蒙古评书曲艺,https://satellitepull.cnr.cn/live/wx32nmgpsqy/playlist.m3u8,cnr.cn
内蒙古音乐之声,https://satellitepull.cnr.cn/live/wx32nmgyygb/playlist.m3u8,cnr.cn
宁夏都市广播,https://satellitepull.cnr.cn/live/wxnxdsgb/playlist.m3u8,cnr.cn
宁夏经济广播,https://satellitepull.cnr.cn/live/wxnxjjgb/playlist.m3u8,cnr.cn
宁夏新闻广播,https://satellitepull.cnr.cn/live/wxnxxwgb/playlist.m3u8,cnr.cn
宁夏音乐广播,https://satellitepull.cnr.cn/live/wxnxyygb/playlist.m3u8,cnr.cn
青海交通音乐,https://satellitepull.cnr.cn/live/wx32qhjtyygb/playlist.m3u8,cnr.cn
青海经济广播,https://satellitepull.cnr.cn/live/wx32qhjjgb/playlist.m3u8,cnr.cn
青海之声,https://satellitepull.cnr.cn/live/wx32qhwxzhgb/playlist.m3u8,cnr.cn
山东交通广播,https://satellitepull.cnr.cn/live/wxsdjtgb/playlist.m3u8,cnr.cn
山东经典音乐,https://audiolive302.iqilu.com/sdradioShenghuo/sdradio04/playlist.m3u8,iqilu.com
山东经济广播,https://satellitepull.cnr.cn/live/wxsdjjgb/playlist.m3u8,cnr.cn
山东体育休闲,https://satellitepull.cnr.cn/live/wxsdtyxxgb/playlist.m3u8,cnr.cn
山东文艺广播,https://satellitepull.cnr.cn/live/wxsdwyssgb/playlist.m3u8,cnr.cn
山东乡村广播,https://satellitepull.cnr.cn/live/wxsdxcgb/playlist.m3u8,cnr.cn
山东音乐广播,https://audiolive302.iqilu.com/sdradioYinyue/sdradio07/playlist.m3u8,iqilu.com
山西综合广播,https://satellitepull.cnr.cn/live/wxssxxwgb/playlist.m3u8,cnr.cn
陕西都市广播,https://satellitepull.cnr.cn/live/wxsxxdsgb/playlist.m3u8,cnr.cn
陕西交通广播,https://satellitepull.cnr.cn/live/wxsxxjtgb/playlist.m3u8,cnr.cn
陕西经济广播,https://satellitepull.cnr.cn/live/wxsxxjjgb/playlist.m3u8,cnr.cn
陕西农村广播,https://satellitepull.cnr.cn/live/wxsxxncgb/playlist.m3u8,cnr.cn
陕西青春广播,https://satellitepull.cnr.cn/live/wxsxxqcgb/playlist.m3u8,cnr.cn
陕西戏曲广播,https://satellitepull.cnr.cn/live/wxsxxxqgb/playlist.m3u8,cnr.cn
陕西新闻广播,https://satellitepull.cnr.cn/live/wxsxxxwgb/playlist.m3u8,cnr.cn
陕西音乐广播,https://satellitepull.cnr.cn/live/wxsxxyygb/playlist.m3u8,cnr.cn
上海东方广播,https://satellitepull.cnr.cn/live/wx32dfgbdt/playlist.m3u8,cnr.cn
上海新闻广播,https://satellitepull.cnr.cn/live/wx32shrmgb/playlist.m3u8,cnr.cn
第一财经广播,https://satellitepull.cnr.cn/live/wx32dycjgb/playlist.m3u8,cnr.cn
四川城市之音,https://satellitepull.cnr.cn/live/wxsccszs/playlist.m3u8,cnr.cn
四川交通广播,https://satellitepull.cnr.cn/live/wxscjtgb/playlist.m3u8,cnr.cn
四川经济广播,https://satellitepull.cnr.cn/live/wxscjjgb/playlist.m3u8,cnr.cn
四川民族频率,https://satellitepull.cnr.cn/live/wxscmzgb/playlist.m3u8,cnr.cn
四川岷江音乐,https://satellitepull.cnr.cn/live/wxscmjyyt/playlist.m3u8,cnr.cn
四川私家车925,https://satellitepull.cnr.cn/live/wxsc925/playlist.m3u8,cnr.cn
四川文艺广播,https://satellitepull.cnr.cn/live/wxscwygb/playlist.m3u8,cnr.cn
四川新闻频率,https://satellitepull.cnr.cn/live/wxsclyshgb/playlist.m3u8,cnr.cn
四川综合广播,https://satellitepull.cnr.cn/live/wxsczhgb/playlist.m3u8,cnr.cn
西藏都市生活,https://satellitepull.cnr.cn/live/wxxzdsshgb/playlist.m3u8,cnr.cn
西藏对外交通,https://satellitepull.cnr.cn/live/wxxzdwjtgb/playlist.m3u8,cnr.cn
西藏汉语广播,https://satellitepull.cnr.cn/live/wxxzhygb/playlist.m3u8,cnr.cn
兵团综合广播,https://satellitepull.cnr.cn/live/wxbtzs/playlist.m3u8,cnr.cn
新疆交通广播,https://satellitepull.cnr.cn/live/wxxjjtgb/playlist.m3u8,cnr.cn
新疆绿色广播,https://satellitepull.cnr.cn/live/wxxjlsgb/playlist.m3u8,cnr.cn
新疆私家车广播,https://satellitepull.cnr.cn/live/wxxjsjcgb/playlist.m3u8,cnr.cn
新疆新闻广播,https://satellitepull.cnr.cn/live/wxxjxwgb/playlist.m3u8,cnr.cn
香格里拉之声,https://satellitepull.cnr.cn/live/wxxgllzs/playlist.m3u8,cnr.cn
云南交通之声,https://satellitepull.cnr.cn/live/wxynjtgb/playlist.m3u8,cnr.cn
云南国际广播,https://satellitepull.cnr.cn/live/wxynsegb/playlist.m3u8,cnr.cn
云南教育广播,https://satellitepull.cnr.cn/live/wxynjygb/playlist.m3u8,cnr.cn
云南经济广播,https://satellitepull.cnr.cn/live/wxynjjgb/playlist.m3u8,cnr.cn
云南民族广播,https://satellitepull.cnr.cn/live/wxynmzgb/playlist.m3u8,cnr.cn
云南新闻广播,https://satellitepull.cnr.cn/live/wxynxwgb/playlist.m3u8,cnr.cn
云南音乐广播,https://satellitepull.cnr.cn/live/wxynyygb/playlist.m3u8,cnr.cn
浙江城市之声,https://satellitepull.cnr.cn/live/wxzjcszs/playlist.m3u8,cnr.cn
浙江交通之声,https://satellitepull.cnr.cn/live/wxzjjtgb/playlist.m3u8,cnr.cn
浙江经济广播,https://satellitepull.cnr.cn/live/wxzjjjgb/playlist.m3u8,cnr.cn
浙江民生996,https://satellitepull.cnr.cn/live/wxzjmsgb/playlist.m3u8,cnr.cn
浙江女主播电台,https://satellitepull.cnr.cn/live/wxzj1045/playlist.m3u8,cnr.cn
浙江悦动之音,https://satellitepull.cnr.cn/live/wxzj968/playlist.m3u8,cnr.cn
浙江之声,https://satellitepull.cnr.cn/live/wxzjzs/playlist.m3u8,cnr.cn
每日歌曲,https://lhttp.qingting.fm/live/5021381/64k.mp3,qingting.fm
